control,window_type,cutoff,estimate,se,ci_low,ci_high,p_value
English,placebo,2024-03-25,0.002551699989627121,0.0046290282120868935,-0.006521195306063191,0.011624595285317433,0.5814699806315142
English,placebo,2024-03-26,0.0011472137125106974,0.004656319671831521,-0.007979172844279084,0.010273600269300479,0.8053898037151928
English,placebo,2024-03-27,-0.0016465852385126878,0.004685732285400462,-0.010830620517897592,0.007537450040872216,0.7252852546528314
English,placebo,2024-03-28,-0.0002390007076908951,0.0048030678145499295,-0.009653013624208756,0.009175012208826966,0.9603136337146173
English,placebo,2024-03-29,-0.005980186908284835,0.004885483369629567,-0.015555734312758786,0.0035953604961891164,0.2209247966701734
English,placebo,2024-03-30,-0.006053047328429151,0.004996606066138185,-0.015846395218059993,0.0037403005612016912,0.22572996964802183
English,placebo,2024-03-31,0.0006321768435325614,0.005358148057480764,-0.009869793349129736,0.011134147036194858,0.9060801723523321
English,placebo,2024-04-01,-0.0042801063894574165,0.005619109875940957,-0.015293561746301691,0.006733348967386858,0.4462358459908294
English,placebo,2024-04-02,-0.005738644326934272,0.005936440458889701,-0.017374067626358083,0.00589677897248954,0.3337035174125709
English,placebo,2024-04-03,-0.004515659576006414,0.0060300623853317414,-0.01633458185125663,0.007303262699243798,0.45394288527604065
English,placebo,2024-04-04,-0.00509795547948888,0.006086421350843363,-0.01702734132714187,0.0068314303681641115,0.4022582584199614
English,placebo,2024-04-05,0.00027071624004593176,0.006430608159662312,-0.0123332757528922,0.012874708232984063,0.9664205128249822
English,placebo,2024-04-06,0.0012332353847801514,0.0065254953495758935,-0.011556735500388599,0.014023206269948902,0.8501028140985714
English,placebo,2024-04-07,-0.0001012370187474243,0.006407637393905546,-0.012660206310802294,0.012457732273307445,0.9873944031402282
English,placebo,2024-04-08,-0.00013654988016154057,0.006924398842767255,-0.01370837161198536,0.01343527185166228,0.9842666515145997
English,placebo,2024-04-09,0.00438395055062879,0.007217074716722736,-0.009761515894147773,0.018529416995405355,0.5435579674197499
English,placebo,2024-04-10,0.004133082889712925,0.007305539167220542,-0.010185773878039338,0.018451939657465187,0.5715661502112834
English,placebo,2024-05-05,-0.0012297210478551257,0.006482997186704287,-0.01393639553379553,0.011476953438085278,0.8495567340105727
English,placebo,2024-05-06,-0.00535756479548033,0.006642399456366346,-0.018376667729958367,0.007661538138997708,0.419913858696924
English,placebo,2024-05-07,-0.004952917421966352,0.006517555239209131,-0.017727325690816247,0.007821490846883545,0.44729352351241086
English,placebo,2024-05-08,-0.002155004798238047,0.006394075405299574,-0.014687392592625212,0.010377382996149117,0.7360931574367016
English,placebo,2024-05-09,-0.0005231196902846236,0.006302616607957055,-0.012876248241880451,0.011830008861311204,0.9338512227222839
English,placebo,2024-05-10,0.0002241220329128879,0.006273327769362751,-0.012071600395038105,0.01251984446086388,0.9715006957828489
English,placebo,2024-05-11,0.001227234634004426,0.006342517856209051,-0.011204100364165314,0.013658569632174166,0.84657266215701
English,placebo,2024-05-12,0.007026093521229848,0.0064250312484345675,-0.005566967725701904,0.0196191547681616,0.2741523475781094
English,placebo,2024-05-13,0.005839820191101186,0.006493805417389902,-0.006888038426983023,0.018567678809185396,0.3684977272275798
English,placebo,2024-05-14,0.005119536303286543,0.006401418498495715,-0.007427243953765058,0.017666316560338145,0.42385548912781074
English,placebo,2024-05-15,0.002174419973296593,0.0065210758910435535,-0.01060688877314877,0.014955728719741957,0.738798420186038
English,placebo,2024-05-16,-0.00398028019358887,0.006658460545955831,-0.017030862863662295,0.009070302476484557,0.5499881756859264
English,placebo,2024-05-17,-0.007569837401585122,0.006237868931799261,-0.019796060507911675,0.004656385704741429,0.2249274772982846
English,focal_harm,2024-04-18T20:08:40+00:00,-0.06921120405473391,0.010323065505670212,-0.08944441244584753,-0.048977995663620294,2.0206882062524767e-11
English,focal_repair,2024-04-26T19:39:05+00:00,0.0773827043021107,0.009915179719609578,0.057948952051675925,0.09681645655254546,5.975299495274446e-15
Spanish,placebo,2024-03-25,-0.0029144697420904198,0.005382127502654083,-0.013463439647292422,0.007634500163111582,0.5881568906884382
Spanish,placebo,2024-03-26,-0.0031822522419918675,0.005319362306058618,-0.013608202361866759,0.0072436978778830236,0.5496801893160738
Spanish,placebo,2024-03-27,-0.004405123925463217,0.005576282244750085,-0.015334637125173384,0.00652438927424695,0.42954233104392264
Spanish,placebo,2024-03-28,-0.00343489621663029,0.005050839525601115,-0.013334541686808475,0.006464749253547895,0.496463676465729
Spanish,placebo,2024-03-29,-0.005075957269807141,0.00574610501695786,-0.016338323103044547,0.006186408563430265,0.3770344690295217
Spanish,placebo,2024-03-30,-0.0013273946537762926,0.006535696532282136,-0.014137359857049277,0.011482570549496692,0.8390575069773234
Spanish,placebo,2024-03-31,0.004038780668922715,0.0069515146005139925,-0.009586187948084711,0.01766374928593014,0.5612452346843779
Spanish,placebo,2024-04-01,0.0014761453337964747,0.007159335900873968,-0.012556153031916501,0.01550844369950945,0.8366466595661903
Spanish,placebo,2024-04-02,3.45867413852341e-05,0.007705156167978051,-0.015067519347851745,0.015136692830622214,0.996418484754225
Spanish,placebo,2024-04-03,-0.0006234688043295078,0.007814475537028265,-0.015939840856904905,0.014692903248245891,0.93640918342928
Spanish,placebo,2024-04-04,0.000278897484637608,0.007599429750915309,-0.014615984827156397,0.015173779796431613,0.9707243751788553
Spanish,placebo,2024-04-05,-0.0037561584649021817,0.007418885091861629,-0.018297173244950976,0.01078485631514661,0.6126482444549886
Spanish,placebo,2024-04-06,-0.010314804416994061,0.007113867289088638,-0.02425798430360779,0.003628375469619669,0.14707040304703778
Spanish,placebo,2024-04-07,-0.00588461284110342,0.00816313810265837,-0.021884363522313825,0.010115137840106984,0.4709856219664399
Spanish,placebo,2024-04-08,-0.005397562244739529,0.0088222603928217,-0.022689192614670062,0.011894068125191004,0.5406623391581724
Spanish,placebo,2024-04-09,-0.0027949634027590875,0.009312710844048338,-0.02104787665709383,0.015457949851575656,0.7640829521399216
Spanish,placebo,2024-04-10,0.002804943169137264,0.010464996512844557,-0.017706449996038067,0.023316336334312595,0.7886754798027646
Spanish,placebo,2024-05-05,-0.001612571969590193,0.009638124457662779,-0.02050329590660924,0.017278151967428854,0.8671247184871027
Spanish,placebo,2024-05-06,0.004044985412909985,0.009356756479115562,-0.014294257286156516,0.022384228111976486,0.6655187592654193
Spanish,placebo,2024-05-07,-0.011130260440932127,0.00821646547031189,-0.02723453276274343,0.0049740118808791756,0.17553586526091147
Spanish,placebo,2024-05-08,-0.010177513131795268,0.008455351982900589,-0.026750003018280424,0.006394976754689887,0.22871442597790204
Spanish,placebo,2024-05-09,0.0030131459592712684,0.010382203862940356,-0.01733597361209183,0.023362265530634366,0.77164625999194
Spanish,placebo,2024-05-10,0.007605953892353856,0.010658941548213683,-0.01328557154214496,0.028497479326852673,0.4754900397791359
Spanish,placebo,2024-05-11,0.01525496191566933,0.012135495230683418,-0.008530608736470168,0.03904053256780883,0.20873440787433475
Spanish,placebo,2024-05-12,0.022911398333646193,0.013505931781507786,-0.003560227958109067,0.04938302462540145,0.0898110553013893
Spanish,placebo,2024-05-13,0.019224075145127806,0.013473025426198134,-0.007183054690220535,0.045631204980476146,0.15362123499282995
Spanish,placebo,2024-05-14,0.02697450245883004,0.011656525368849254,0.004127712735885504,0.04982129218177458,0.020661592402213814
Spanish,placebo,2024-05-15,0.025607942422883334,0.012424828224591134,0.0012552791026847095,0.04996060574308196,0.039300188028136396
Spanish,placebo,2024-05-16,0.0020589341638068692,0.012368033653119842,-0.02218241179630802,0.026300280123921757,0.867785334143155
Spanish,placebo,2024-05-17,-0.0008840905505604901,0.01257557620603257,-0.025532219914384327,0.023764038813263347,0.9439531392792817
Spanish,focal_harm,2024-04-18T20:08:40+00:00,-0.07441501040807696,0.012631781988783643,-0.0991733031060929,-0.04965671771006103,3.8364809331613315e-09
Spanish,focal_repair,2024-04-26T19:39:05+00:00,0.07866307665132621,0.011466412038171423,0.05618890905651022,0.1011372442461422,6.871398275344283e-12
